arm,epoch,attempt_id,global_step,timestamp,learning_rate,train_loss,val_auroc,val_auprc,val_ece,val_brier,val_task_loss,val_coord_r2_endpoint,val_coord_r2_relation,val_coord_r2_context,val_coord_dist_acc,val_coord_loss,val_kd_loss,val_kd_truth_source,val_gs_bfs,val_rd_bfs,val_degree_mmd_ratio,val_clustering_mmd_ratio,val_spectral_mmd_ratio,val_threshold,val_rd_geometric,val_rd_mean_abs_log,selection_rule,epoch_steps,epoch_global_pairs,epoch_local_pairs,epoch_local_tokens,epoch_wall_seconds,epoch_data_wait_seconds,epoch_compute_seconds,validation_seconds,global_pairs_per_second
coord_gen_full,1,a0248236e6934243b98eb595d2267d35,361,2026-09-13T05:30:37.180821+00:00,0.00037249960803885894,2.211426707791484,0.7391063205846409,0.7791259648249318,0.15797217254901277,0.23828600650013623,0.8398846702680881,-0.9567284134116707,-0.21464827063140013,-0.03861828836814607,0.4534318309332336,1.6681024256166352,0.8250892475750405,validation_structure,0.3790492943521979,1.0719260789492373,9.425758899552427,3.9011140662456927,7.893598724588838,1.0390625,0.9995074191362321,0.2906334201698747,geometric_rd_five_rank_v1,361,221142,55452,45927752,389.7904293080792,2.1634311210364103,387.4786527099612,368.338377492968,567.3356331312478
coord_gen_full,2,a0248236e6934243b98eb595d2267d35,721,2026-09-13T05:43:17.132812+00:00,0.0009083674948152555,1.9365715835442276,0.7766203519508936,0.7990239799811208,0.13446152396335115,0.21199788249247561,0.6439022238801854,-0.20942787715799716,0.040948617806044085,0.17920880556857222,0.5530203852627642,1.3492647641024367,0.5615465804434266,validation_structure,0.38453332026115356,1.132370147505939,10.824017834386975,4.142189728759911,8.887437219394833,2.234375,1.0081326646959745,0.40450633308330586,geometric_rd_five_rank_v1,360,221142,55491,46005934,386.95064871106297,1.5468957852572203,385.29815942382817,372.46173465205356,571.499235720696
coord_gen_full,3,a0248236e6934243b98eb595d2267d35,1082,2026-09-13T05:56:00.544981+00:00,0.0009987771671376119,1.8433987887262033,0.7749792071879769,0.7929107564613205,0.2096633771958448,0.24531613831977792,0.7300682460083713,-0.3979507611360005,0.06143921400602137,0.21833560194903745,0.5768655320740602,1.3280707312417248,0.6314529206214307,validation_structure,0.36939006727233287,1.2089833783513302,13.032162182571447,5.4567744194756225,11.103802545841042,2.875,1.0102079240282824,0.5134234245258729,geometric_rd_five_rank_v1,361,221142,55430,45942916,388.6949522579089,1.5444467109628022,387.04606808471686,374.1745164110325,568.9345815153954
coord_gen_full,4,a0248236e6934243b98eb595d2267d35,1443,2026-09-13T06:08:41.213626+00:00,0.000989054529608752,1.7514346351845285,0.7789086542973205,0.797073744365901,0.13685009257811306,0.2132813291679057,0.6834499955532903,-0.2680460225132377,0.08821392645355264,0.11828397684850267,0.5569478212081541,1.4123515555551838,0.6005703963120563,validation_structure,0.3658992415089579,1.2010474222480154,14.408276192281718,5.7204328163367135,11.870456704557318,2.796875,0.9989567902662682,0.520262050726866,geometric_rd_five_rank_v1,361,221142,55455,45966532,386.1364888828248,1.5494585116393864,384.4794237365719,373.98599046608433,572.7042286001279
coord_gen_full,5,a0248236e6934243b98eb595d2267d35,1803,2026-09-13T06:21:33.541832+00:00,0.0009698728911478475,1.6859392963504463,0.7862570976161971,0.8073770552758753,0.1253548703722053,0.20753005226743076,0.703697337445032,-0.2694058523375551,0.086043957441444,0.17551694917454697,0.5379652141387694,1.3665773217781072,0.6489030987418644,validation_structure,0.3911955139801824,1.1002832676479262,9.327501049941587,3.5064131408047494,8.696475641859779,2.1875,1.0022902858608072,0.3515662499117969,geometric_rd_five_rank_v1,360,221142,55368,45890370,393.03673601103947,1.5835052821785212,391.34263717651385,378.7479358287528,562.6496959149097
coord_gen_full,6,a0248236e6934243b98eb595d2267d35,2164,2026-09-13T06:34:38.435802+00:00,0.0009414994575788334,1.6427048584269077,0.7828292173085036,0.8056458274370065,0.17036320034565888,0.22861327949495533,0.867074441824713,-0.2986278818016619,0.030801547793675166,0.050438551992238345,0.43659996259584816,1.6323883042438958,0.858892826370063,validation_structure,0.3872135876603727,1.0637301373248453,5.834098774221507,2.388361543168291,6.148041684530206,1.359375,1.0006619110981325,0.2853303860652445,geometric_rd_five_rank_v1,361,221142,55467,45864170,402.73165617883205,1.5479929042048752,401.0782899475098,381.6224110960029,549.1050842593869
coord_gen_full,7,a0248236e6934243b98eb595d2267d35,2525,2026-09-13T06:47:31.151540+00:00,0.0009045270716781735,1.6119649148842534,0.7849962027475719,0.802149238116481,0.173789219845849,0.22471693097001041,0.6765323494413975,-0.14418613827226445,0.09945174038229676,0.20043850222887105,0.5617168505704133,1.3729416145350033,0.5917749145377044,validation_structure,0.3621680329257636,1.1689891995249229,10.423441853569964,4.271958073010021,8.92620932573517,2.75,0.9988602645224882,0.4760834170619927,geometric_rd_five_rank_v1,361,221142,55420,45936480,396.4812391339801,1.5758079225197434,394.78245910644546,375.6842963518575,557.7615739978835
coord_gen_full,8,a0248236e6934243b98eb595d2267d35,2887,2026-09-13T07:00:17.529542+00:00,0.0008595414290775015,1.5859119191222006,0.7758476802482959,0.7983683540122559,0.11691845296704578,0.2098990759324613,0.6905278050645172,-0.09874531502561479,0.046365716498991905,0.08402195726462625,0.47821208154105105,1.5277509451781965,0.6497980320600788,validation_structure,0.3799151891918436,1.125973790888813,9.380402108105027,3.8747725434703635,8.305489621812386,1.859375,0.9962822853129633,0.4180353126051064,geometric_rd_five_rank_v1,362,221142,55475,46036367,391.2474440331571,1.554043585434556,389.58338430786125,374.58917260728776,565.2228618297603
coord_gen_full,9,a0248236e6934243b98eb595d2267d35,3248,2026-09-13T07:13:01.003356+00:00,0.000807666841991424,1.5376252860504414,0.7728429663248259,0.7999222022592171,0.11577085928879166,0.21019920675285625,0.6936908533996865,-0.17356651919956967,0.04376867373831583,0.07178034327058835,0.49111651393304656,1.548897376907904,0.6548051712106149,validation_structure,0.3880635165333245,1.10115421805803,7.527585508167347,3.2556482581496518,7.074329284490949,1.8828125,0.9998299794239314,0.3679921141679057,geometric_rd_five_rank_v1,361,221142,55473,45881151,390.16925516119227,1.5411527543328702,388.51940863037134,372.7597965602763,566.7847916633992
coord_gen_full,10,a0248236e6934243b98eb595d2267d35,3609,2026-09-13T07:25:42.726887+00:00,0.0007497999320391722,1.501157579532095,0.785015037735207,0.8083221690684794,0.11328682090310752,0.20395630920565558,0.6778538460189474,-0.2924892901135532,0.054726007511412655,0.08336583396315145,0.5,1.5211924605778004,0.6379447200082832,validation_structure,0.3820488681745876,1.0954093674469607,7.344804802602648,3.3226568296691794,7.457057589792821,1.9765625,0.9980129135444855,0.35268086232228735,geometric_rd_five_rank_v1,361,221142,55494,45964022,389.49272179603577,1.5695422366261482,387.8117396545407,371.66522052465007,567.7692743018819
coord_gen_full,11,a0248236e6934243b98eb595d2267d35,3971,2026-09-13T07:38:20.681896+00:00,0.000686888344367956,1.4680362588631808,0.7893414711206125,0.8080541850101459,0.14711105041241618,0.21346318854207694,0.7684839268923795,-0.3154475956323586,0.08177259585721086,0.1435230976314249,0.511875818215822,1.4844594754101696,0.709818130423499,validation_structure,0.3866327058433724,1.121797486690954,10.618005243584621,4.271650983452478,9.293757308531873,2.34375,0.9934420601415103,0.4304663944254366,geometric_rd_five_rank_v1,362,221142,55487,46026545,386.18581372499466,1.5335802426561713,384.54625436401346,371.22479060897604,572.6310810512491
coord_gen_full,12,a0248236e6934243b98eb595d2267d35,4332,2026-09-13T07:51:04.445662+00:00,0.000620504408778351,1.4385865547264878,0.7827957445449626,0.80215195394153,0.13195130082534867,0.2090204723676699,0.6797874628949961,-0.14467959528912444,0.07065767498880604,0.09406820772898583,0.5281466242752946,1.5572107167573472,0.6254155336110552,validation_structure,0.37362747434736243,1.173753932076648,9.579541770472888,4.508532696735528,8.58094588458899,2.53125,1.0066540824531103,0.47060158532537555,geometric_rd_five_rank_v1,361,221142,55404,45874887,388.2883596061729,1.5874911793507636,386.5785136413574,374.9183049327694,569.5303362282003
coord_gen_frozen,1,476fa7bd65804f07b57e92ef83fbc6c8,361,2026-09-13T05:27:18.616613+00:00,0.00037249960803885894,1.5874258520787086,0.7843570198663476,0.8078748860628749,0.22541968003516002,0.2545128441902175,1.0311148125601737,-0.24528620406846868,0.12531266519287443,-0.004944774044220113,0.5444174303347672,1.3788096990087266,0.6560285016862989,validation_structure,0.39840519349183184,1.0944985834831786,9.212053129084866,3.978692884408167,8.382982428407999,1.921875,0.9989785523827047,0.35458852016259607,geometric_rd_five_rank_v1,361,221142,55452,45927752,280.0080134118907,1.8116630730219185,278.09374896240246,275.968510244973,789.7702544487573
coord_gen_frozen,2,476fa7bd65804f07b57e92ef83fbc6c8,721,2026-09-13T05:36:33.737596+00:00,0.0009083674948152555,1.361111744771665,0.7788646185509273,0.8030569627834475,0.23052020221129624,0.25702875308093237,1.0750921990266236,-0.43962006263566544,0.07418000205378028,0.039759603172938696,0.5249672713671217,1.4964709943430388,0.6638082486734265,validation_structure,0.40073873388184256,1.1192237996083787,11.062378464682782,4.506503754663592,9.176718224731895,2.28125,1.004731637807083,0.3915489725533734,geometric_rd_five_rank_v1,360,221142,55491,46005934,278.821967700962,1.6472860160283744,277.0615548400878,275.7048821868375,793.1297588329767
coord_gen_frozen,3,476fa7bd65804f07b57e92ef83fbc6c8,1082,2026-09-13T05:45:50.227271+00:00,0.0009987771671376119,1.3024651687292785,0.7820785110139559,0.805691630838996,0.2342889194374869,0.26279213171024995,1.068869659764113,-0.26244366158466037,0.16816560083902865,0.21450576363038276,0.5907050682625772,1.2466423412210499,0.7074564399223128,validation_structure,0.4030046004569931,1.1032838371611875,9.60557513187453,4.01639169817557,8.56179685866051,1.546875,0.998727838363637,0.37290595089559586,geometric_rd_five_rank_v1,361,221142,55430,45942916,279.7171654133126,1.6451482316479087,277.9517197265624,276.20612940890715,790.5914521664718
coord_gen_frozen,4,476fa7bd65804f07b57e92ef83fbc6c8,1443,2026-09-13T05:55:06.273691+00:00,0.000989054529608752,1.2358136632178096,0.7880367328777982,0.8109146752395864,0.22797058188347324,0.254252042654486,1.0651909457463313,-0.36510001318158736,0.1981535871978699,0.130846177100158,0.539648400972508,1.393258299633278,0.665050315011062,validation_structure,0.3988919076475297,1.0836698824499436,9.17957391502189,3.8901911953086183,8.39104566753962,2.171875,0.994826113802083,0.34364716922216965,geometric_rd_five_rank_v1,361,221142,55455,45966532,279.5912470309995,1.6565618044696748,277.8094668884278,275.89805530710146,790.9475076502699
coord_gen_frozen,5,476fa7bd65804f07b57e92ef83fbc6c8,1803,2026-09-13T06:04:22.312707+00:00,0.0009698728911478475,1.1989377711532554,0.78806378740507,0.8107165677436831,0.22378652029200471,0.2483273286742466,1.0393516537451721,-0.2191457763962128,0.16658363673029597,0.053112223939644876,0.5151486815036469,1.549673528936682,0.6089646053363397,validation_structure,0.4007654455205433,1.1194814468993464,11.671728780063981,4.7556320834891785,9.520443657783485,2.859375,1.0020193818321768,0.3997286707369625,geometric_rd_five_rank_v1,360,221142,55368,45890370,278.8293564263731,1.6474086111411452,277.0528520812988,276.6455249399878,793.1087416127008
coord_gen_frozen,6,476fa7bd65804f07b57e92ef83fbc6c8,2164,2026-09-13T06:13:39.041499+00:00,0.0009414994575788334,1.1775531342937007,0.7825161927554097,0.8071710034061237,0.22897104224214218,0.25534510524547477,1.0774648968384508,-0.24982742363116572,0.05177474625640277,-0.13885615585913214,0.4586684121937535,1.790551666915138,0.6683200245797327,validation_structure,0.3991217948018129,1.1088820476093517,10.848946861700417,4.459254722064121,9.1634683007417,2.375,1.0024929707910595,0.37524887472166213,geometric_rd_five_rank_v1,361,221142,55467,45864170,279.46207284368575,1.658353677019477,277.67066149902325,276.7026617177762,791.3131028828142
coord_gen_frozen,7,476fa7bd65804f07b57e92ef83fbc6c8,2525,2026-09-13T06:23:05.707195+00:00,0.0009045270716781735,1.1406328567282669,0.7836647772335119,0.8075661457877465,0.22832232339078068,0.2562013543456035,1.0629721189465524,-0.28416115980079004,0.1606128576493242,0.007266271090586529,0.5317935290817281,1.5612994550694388,0.6702467341175258,validation_structure,0.40086088256955943,1.096256110204516,9.473616280220645,4.048565410872038,8.275503265288263,2.03125,0.9978910021328348,0.36025222485634883,geometric_rd_five_rank_v1,361,221142,55420,45936480,279.7588252448477,1.6706671784631908,277.9619367980958,286.3311425517313,790.4737225231567
coord_gen_frozen,8,476fa7bd65804f07b57e92ef83fbc6c8,2887,2026-09-13T06:32:21.441425+00:00,0.0008595414290775015,1.1161044274733414,0.7861533915097193,0.8101726237136975,0.23038500750248048,0.2550107228499272,1.0719461222887663,-0.2024028483946232,0.09920472289769411,-0.04253838413800359,0.4918645969702637,1.7183591515879242,0.6733298349908875,validation_structure,0.40091058422548415,1.0959560796540535,9.83376279281366,4.265234028343487,8.761325561302625,2.1875,0.99907074885103,0.3575953663417572,geometric_rd_five_rank_v1,362,221142,55475,46036367,279.1066946359351,1.602201770991087,277.3946138916015,276.06232301611453,792.3206581929398
coord_gen_frozen,9,476fa7bd65804f07b57e92ef83fbc6c8,3248,2026-09-13T06:41:37.457574+00:00,0.000807666841991424,1.1141077298220114,0.7844967695285507,0.8078400970013433,0.22236956556644352,0.25190103801219743,1.0298521184030247,-0.2295198716215805,0.13350061278699632,0.0541993349844101,0.5141200673274734,1.5215965118144235,0.6346216470975731,validation_structure,0.39936119830422506,1.1004617153525438,10.284943082701322,4.614861433194247,8.754521508690784,2.203125,0.9971749937017197,0.3692922870434102,geometric_rd_five_rank_v1,361,221142,55473,45881151,279.091482038144,1.6122056259773672,277.36514028930657,276.35137314908206,792.3638456646844
coord_gen_frozen,10,476fa7bd65804f07b57e92ef83fbc6c8,3609,2026-09-13T06:50:53.420572+00:00,0.0007497999320391722,1.0768729603713938,0.7856322027432348,0.807421830907215,0.23113667424487525,0.25676951556017236,1.0803779583707416,-0.7607992825030749,0.17412682880962593,0.06853116717860375,0.540302973630073,1.4933561793449595,0.6722316207039885,validation_structure,0.39828617801777566,1.112898028904034,10.116298767399812,4.497806288035694,8.692212798911507,2.25,0.9997230107415513,0.38866680191828196,geometric_rd_five_rank_v1,361,221142,55494,45964022,279.61390373809263,1.6206796504557133,277.8823356323241,275.8113447315991,790.8834183265013
coord_gen_frozen,11,476fa7bd65804f07b57e92ef83fbc6c8,3971,2026-09-13T07:00:10.029152+00:00,0.000686888344367956,1.0704992101539652,0.7893242450641401,0.8105075938235231,0.22688229986537292,0.25075367043926133,1.0519048592173896,-0.6768448263255009,0.17644200520614683,0.04831599763589112,0.5263699270619039,1.6353028392611162,0.6264666312036098,validation_structure,0.4002250572138818,1.1093512907651786,10.79212786679871,4.707874065911364,9.02422957575683,2.65625,0.9987996600458819,0.3857207571238888,geometric_rd_five_rank_v1,362,221142,55487,46026545,279.76965596107766,1.6213253121823072,278.034941772461,276.29661716287956,790.4431209321925
coord_gen_frozen,12,476fa7bd65804f07b57e92ef83fbc6c8,4332,2026-09-13T07:09:26.065160+00:00,0.000620504408778351,1.0483066341979643,0.7869197848831052,0.8097144482989813,0.21458742163771544,0.2447240942417237,0.9820844708991239,-0.11262891780690731,0.06752234024252923,-0.05671318182730056,0.47821208154105105,1.7256596637469976,0.5859516436063075,validation_structure,0.4019581449502064,1.1099315218961747,11.026431047934,4.6407722844826145,9.009796471645368,2.546875,1.0020063137996866,0.38022729328677063,geometric_rd_five_rank_v1,361,221142,55404,45874887,278.99383066315204,1.6131603918038309,277.2669644775391,276.48636014107615,792.6411830482358
coord_gen_frozen,13,476fa7bd65804f07b57e92ef83fbc6c8,4692,2026-09-13T07:18:41.793930+00:00,0.0005519658814534652,1.038468458982273,0.7842468080816893,0.8067893608024459,0.22519543291934432,0.2519506572039416,1.0569581710909237,-0.6670974316263629,0.08857229768121833,-0.03186539320653092,0.4753132597718347,1.7586805012173936,0.6475031438546803,validation_structure,0.39372230847565415,1.1065112945335216,9.752303120297807,4.391964593919098,8.529828196731414,2.421875,0.9979400887787703,0.3787938376874723,geometric_rd_five_rank_v1,360,221142,55452,45880424,278.8317410722375,1.603160860016942,277.1129381103516,276.3429399849847,793.1019587282508
coord_gen_frozen,14,476fa7bd65804f07b57e92ef83fbc6c8,5053,2026-09-13T07:27:58.478399+00:00,0.0004822275240890978,1.0152748915167638,0.7895425350508277,0.8105772927900784,0.22324671490195563,0.24825807574671258,1.0551894237304138,-0.660186701859645,0.11488720458265034,0.022006210380615565,0.4982233027866093,1.7540631215578377,0.6244370808111818,validation_structure,0.3994716638896042,1.1110605259177706,10.807970849851646,4.60064180739815,8.979703400223793,2.8125,0.9973815452837667,0.38805604962900975,geometric_rd_five_rank_v1,361,221142,55453,45935063,279.55935695022345,1.599215748719871,277.8378145751952,276.58000033395365,791.0377331400684
coord_gen_frozen,15,476fa7bd65804f07b57e92ef83fbc6c8,5413,2026-09-13T07:37:14.670162+00:00,0.0004130258523469809,0.9963640745461665,0.7884833162057947,0.8116560738735388,0.22968918049674839,0.25403508152389775,1.084047175198468,-0.52972068893041,0.10420042000557317,-0.05996765079943378,0.4566111838414064,1.8868150268093502,0.6730097305567488,validation_structure,0.40139857591077976,1.0985901893566756,10.33730863402949,4.606709572947444,8.909165192268285,2.375,0.9974261034133076,0.36778331203031905,geometric_rd_five_rank_v1,360,221142,55418,45838252,278.89186228625476,1.63340486260131,277.137337097168,276.7561384481378,792.9309883305943
coord_gen_frozen,16,476fa7bd65804f07b57e92ef83fbc6c8,5775,2026-09-13T07:46:31.247660+00:00,0.0003451409149817662,0.9771299168849582,0.7846302058847776,0.8080777670356387,0.22713525206198493,0.2531745728623028,1.0585478937447548,-0.48765920236557125,0.04560991716525553,-0.18878968515555172,0.45913596409201424,1.9457179211792108,0.6515966240812685,validation_structure,0.39654781096812747,1.096049574322337,9.235097841704283,4.2731632341465415,8.253962550702184,2.359375,0.9994213570637965,0.3575130894546182,geometric_rd_five_rank_v1,362,221142,55490,46011148,279.80290594371036,1.6179295568726957,278.05511483764656,276.2209948319942,790.3491897417551
coord_gen_frozen,17,476fa7bd65804f07b57e92ef83fbc6c8,6136,2026-09-13T07:55:46.907436+00:00,0.0002804626700458296,0.9591752839230105,0.7865204901405923,0.8097179382525246,0.22352557531924144,0.25149789678527124,1.0471747625597916,-0.5009818928943328,0.07328739436752008,-0.09648607590371405,0.4520291752384515,2.039980038473801,0.6449820357774583,validation_structure,0.3967304922205785,1.1009930057504171,9.609846618210138,4.276403036271916,8.314759219465838,2.34375,0.9972514579659051,0.3703978568104728,geometric_rd_five_rank_v1,361,221142,55449,45964201,278.9490039763041,1.6208098656497896,277.21377462768527,276.17092127306387,792.7685592983346
coord_gen_frozen,18,476fa7bd65804f07b57e92ef83fbc6c8,6497,2026-09-13T08:05:03.042789+00:00,0.00022006034607113746,0.9402599053830899,0.7880503913043007,0.8113303953497739,0.22604585548930517,0.25051379451806,1.0666339815957457,-0.6609607201476619,0.07255167086615077,-0.08982077919351017,0.4443613241069759,1.911499313091884,0.6428972613211001,validation_structure,0.399669527181613,1.1104096330970217,10.465554478434774,4.4747715858147705,8.863040825467012,2.671875,1.0032087300620747,0.37645063796469797,geometric_rd_five_rank_v1,361,221142,55435,46002958,279.3147315089591,1.6190631645731628,277.5789902038572,276.2793838670477,791.7305285163837
coord_gen_frozen,19,476fa7bd65804f07b57e92ef83fbc6c8,6858,2026-09-13T08:14:19.661306+00:00,0.0001651103863093162,0.9227937874841358,0.7849225591701049,0.8084678694538143,0.23348086465812182,0.25646459603418414,1.0972363540326808,-0.5665888792985405,0.051797242060896864,-0.1065474428083919,0.4481017392930615,2.118411483434354,0.6779248727203719,validation_structure,0.4020344173274972,1.1280787284867857,12.92426548086623,5.259811052166318,10.024275598925382,2.484375,0.9998161375604299,0.41983667964107463,geometric_rd_five_rank_v1,361,221142,55478,46013862,279.23844081908464,1.601665396708995,277.5136559143067,276.8418314838782,791.9468370877896
coord_gen_frozen,20,476fa7bd65804f07b57e92ef83fbc6c8,7218,2026-09-13T08:23:35.256087+00:00,0.00011680727892646582,0.9070828014935151,0.7869531177395889,0.8100253931747082,0.22855948738599943,0.2529970372757334,1.0691254101854488,-0.6825156823780612,0.04941431970394983,-0.09415109939422961,0.46512062838975127,1.910989084237309,0.6537159960671677,validation_structure,0.4016401596372505,1.1127035910817733,11.057390024150127,4.544521318499992,9.299186286710055,2.484375,1.00248576473546,0.38300218988769613,geometric_rd_five_rank_v1,360,221142,55460,45894230,278.56611835584044,1.5928978295996785,276.8590770568847,276.48610172374174,793.8582096962458
coord_gen_frozen,21,476fa7bd65804f07b57e92ef83fbc6c8,7578,2026-09-13T08:32:51.159645+00:00,7.592634940158833e-05,0.8965763792271473,0.787357693973528,0.8103631759418413,0.2240012041545717,0.2500517085908392,1.0471776781073001,-0.5415675029767277,0.07351911947098932,-0.0618865205270005,0.47082476154853187,1.930985374806394,0.635826376957388,validation_structure,0.3996917796355124,1.1025177641736748,10.68889647382397,4.559433856828224,8.97580830698313,2.5625,0.9951088080326361,0.3798717621138482,geometric_rd_five_rank_v1,360,221142,55382,45807965,278.3912484822795,1.595027347560972,276.6714431762698,276.98020786978304,794.3568671989932
coord_gen_frozen,22,476fa7bd65804f07b57e92ef83fbc6c8,7939,2026-09-13T08:42:07.348105+00:00,4.318075455100888e-05,0.8827058816160205,0.7861803061299332,0.80999515670648,0.22904250796821257,0.25376013911814527,1.0747659432866452,-0.5405254367549359,0.0549754120433692,-0.13882421870161377,0.4581073499158407,2.008043126578819,0.6648372361237577,validation_structure,0.40387583566318197,1.1066350556321203,10.65199512536579,4.625513767200379,8.981479811479412,2.4375,0.9976367029090285,0.38372748445214755,geometric_rd_five_rank_v1,361,221142,55434,45913738,279.1573457811028,1.6137199122458696,277.4307779846192,276.4753426401876,792.1768971589424
