timestamp,index,utilization_gpu,memory_used_mib,memory_total_mib
2026-07-15T07:59:35+00:00,0, 0, 0, 97871
2026-07-15T07:59:35+00:00,1, 0, 0, 97871
2026-07-15T07:59:40+00:00,0, 0, 0, 97871
2026-07-15T07:59:40+00:00,1, 0, 0, 97871
2026-07-15T07:59:45+00:00,0, 0, 367, 97871
2026-07-15T07:59:45+00:00,1, 0, 3, 97871
2026-07-15T07:59:50+00:00,0, 0, 367, 97871
2026-07-15T07:59:50+00:00,1, 0, 3, 97871
2026-07-15T07:59:55+00:00,0, 0, 367, 97871
2026-07-15T07:59:55+00:00,1, 0, 3, 97871
2026-07-15T08:00:00+00:00,0, 0, 367, 97871
2026-07-15T08:00:00+00:00,1, 0, 3, 97871
2026-07-15T08:00:06+00:00,0, 0, 367, 97871
2026-07-15T08:00:06+00:00,1, 0, 3, 97871
2026-07-15T08:00:11+00:00,0, 0, 367, 97871
2026-07-15T08:00:11+00:00,1, 0, 3, 97871
2026-07-15T08:00:16+00:00,0, 0, 367, 97871
2026-07-15T08:00:16+00:00,1, 0, 3, 97871
2026-07-15T08:00:21+00:00,0, 0, 367, 97871
2026-07-15T08:00:21+00:00,1, 0, 3, 97871
2026-07-15T08:00:26+00:00,0, 0, 367, 97871
2026-07-15T08:00:26+00:00,1, 0, 3, 97871
2026-07-15T08:00:31+00:00,0, 0, 367, 97871
2026-07-15T08:00:31+00:00,1, 0, 3, 97871
2026-07-15T08:00:36+00:00,0, 0, 367, 97871
2026-07-15T08:00:36+00:00,1, 0, 3, 97871
2026-07-15T08:00:41+00:00,0, 0, 367, 97871
2026-07-15T08:00:41+00:00,1, 0, 3, 97871
2026-07-15T08:00:46+00:00,0, 0, 367, 97871
2026-07-15T08:00:46+00:00,1, 0, 3, 97871
2026-07-15T08:00:52+00:00,0, 0, 367, 97871
2026-07-15T08:00:52+00:00,1, 0, 3, 97871
2026-07-15T08:00:57+00:00,0, 0, 367, 97871
2026-07-15T08:00:57+00:00,1, 0, 3, 97871
2026-07-15T08:01:02+00:00,0, 0, 367, 97871
2026-07-15T08:01:02+00:00,1, 0, 3, 97871
2026-07-15T08:01:07+00:00,0, 0, 367, 97871
2026-07-15T08:01:07+00:00,1, 0, 3, 97871
2026-07-15T08:01:12+00:00,0, 0, 367, 97871
2026-07-15T08:01:12+00:00,1, 0, 3, 97871
2026-07-15T08:01:17+00:00,0, 0, 367, 97871
2026-07-15T08:01:17+00:00,1, 0, 3, 97871
2026-07-15T08:01:22+00:00,0, 0, 367, 97871
2026-07-15T08:01:22+00:00,1, 0, 3, 97871
2026-07-15T08:01:27+00:00,0, 0, 367, 97871
2026-07-15T08:01:27+00:00,1, 0, 3, 97871
2026-07-15T08:01:32+00:00,0, 0, 367, 97871
2026-07-15T08:01:32+00:00,1, 0, 3, 97871
2026-07-15T08:01:37+00:00,0, 0, 367, 97871
2026-07-15T08:01:37+00:00,1, 0, 3, 97871
2026-07-15T08:01:42+00:00,0, 0, 367, 97871
2026-07-15T08:01:42+00:00,1, 0, 3, 97871
2026-07-15T08:01:47+00:00,0, 0, 367, 97871
2026-07-15T08:01:47+00:00,1, 0, 3, 97871
2026-07-15T08:01:53+00:00,0, 0, 367, 97871
2026-07-15T08:01:53+00:00,1, 0, 3, 97871
2026-07-15T08:01:58+00:00,0, 0, 367, 97871
2026-07-15T08:01:58+00:00,1, 0, 3, 97871
2026-07-15T08:02:03+00:00,0, 0, 367, 97871
2026-07-15T08:02:03+00:00,1, 0, 3, 97871
2026-07-15T08:02:08+00:00,0, 0, 367, 97871
2026-07-15T08:02:08+00:00,1, 0, 3, 97871
2026-07-15T08:02:13+00:00,0, 0, 367, 97871
2026-07-15T08:02:13+00:00,1, 0, 3, 97871
2026-07-15T08:02:18+00:00,0, 0, 367, 97871
2026-07-15T08:02:18+00:00,1, 0, 3, 97871
2026-07-15T08:02:23+00:00,0, 0, 367, 97871
2026-07-15T08:02:23+00:00,1, 0, 3, 97871
2026-07-15T08:02:28+00:00,0, 0, 367, 97871
2026-07-15T08:02:28+00:00,1, 0, 3, 97871
2026-07-15T08:02:33+00:00,0, 0, 367, 97871
2026-07-15T08:02:33+00:00,1, 0, 3, 97871
2026-07-15T08:02:38+00:00,0, 0, 367, 97871
2026-07-15T08:02:38+00:00,1, 0, 3, 97871
2026-07-15T08:02:43+00:00,0, 0, 367, 97871
2026-07-15T08:02:43+00:00,1, 0, 3, 97871
2026-07-15T08:02:48+00:00,0, 0, 367, 97871
2026-07-15T08:02:48+00:00,1, 0, 3, 97871
2026-07-15T08:02:53+00:00,0, 0, 367, 97871
2026-07-15T08:02:53+00:00,1, 0, 3, 97871
2026-07-15T08:02:59+00:00,0, 0, 367, 97871
2026-07-15T08:02:59+00:00,1, 0, 3, 97871
2026-07-15T08:03:04+00:00,0, 0, 367, 97871
2026-07-15T08:03:04+00:00,1, 0, 3, 97871
2026-07-15T08:03:09+00:00,0, 0, 367, 97871
2026-07-15T08:03:09+00:00,1, 0, 3, 97871
2026-07-15T08:03:14+00:00,0, 0, 367, 97871
2026-07-15T08:03:14+00:00,1, 0, 3, 97871
2026-07-15T08:03:19+00:00,0, 0, 367, 97871
2026-07-15T08:03:19+00:00,1, 0, 3, 97871
2026-07-15T08:03:24+00:00,0, 0, 367, 97871
2026-07-15T08:03:24+00:00,1, 0, 3, 97871
2026-07-15T08:03:29+00:00,0, 0, 367, 97871
2026-07-15T08:03:29+00:00,1, 0, 3, 97871
2026-07-15T08:03:34+00:00,0, 0, 367, 97871
2026-07-15T08:03:34+00:00,1, 0, 3, 97871
2026-07-15T08:03:39+00:00,0, 0, 367, 97871
2026-07-15T08:03:39+00:00,1, 0, 3, 97871
2026-07-15T08:03:44+00:00,0, 0, 367, 97871
2026-07-15T08:03:44+00:00,1, 0, 3, 97871
2026-07-15T08:03:49+00:00,0, 0, 1501, 97871
2026-07-15T08:03:49+00:00,1, 0, 3, 97871
2026-07-15T08:03:55+00:00,0, 0, 1689, 97871
2026-07-15T08:03:55+00:00,1, 0, 3, 97871
2026-07-15T08:04:00+00:00,0, 0, 3287, 97871
2026-07-15T08:04:00+00:00,1, 0, 3, 97871
2026-07-15T08:04:05+00:00,0, 0, 3671, 97871
2026-07-15T08:04:05+00:00,1, 0, 3, 97871
2026-07-15T08:04:10+00:00,0, 0, 3671, 97871
2026-07-15T08:04:10+00:00,1, 0, 3, 97871
2026-07-15T08:04:15+00:00,0, 14, 3671, 97871
2026-07-15T08:04:15+00:00,1, 0, 3, 97871
2026-07-15T08:04:20+00:00,0, 0, 3671, 97871
2026-07-15T08:04:20+00:00,1, 0, 3, 97871
2026-07-15T08:04:25+00:00,0, 21, 3671, 97871
2026-07-15T08:04:25+00:00,1, 0, 3, 97871
2026-07-15T08:04:30+00:00,0, 9, 3671, 97871
2026-07-15T08:04:30+00:00,1, 0, 3, 97871
2026-07-15T08:04:36+00:00,0, 0, 3671, 97871
2026-07-15T08:04:36+00:00,1, 0, 3, 97871
2026-07-15T08:04:41+00:00,0, 6, 4695, 97871
2026-07-15T08:04:41+00:00,1, 0, 3, 97871
2026-07-15T08:04:46+00:00,0, 5, 4695, 97871
2026-07-15T08:04:46+00:00,1, 0, 3, 97871
2026-07-15T08:04:51+00:00,0, 0, 4695, 97871
2026-07-15T08:04:51+00:00,1, 0, 3, 97871
2026-07-15T08:04:56+00:00,0, 0, 4695, 97871
2026-07-15T08:04:56+00:00,1, 0, 3, 97871
2026-07-15T08:05:01+00:00,0, 0, 4695, 97871
2026-07-15T08:05:01+00:00,1, 0, 3, 97871
2026-07-15T08:05:06+00:00,0, 41, 4695, 97871
2026-07-15T08:05:06+00:00,1, 0, 3, 97871
2026-07-15T08:05:11+00:00,0, 37, 4695, 97871
2026-07-15T08:05:11+00:00,1, 0, 3, 97871
2026-07-15T08:05:16+00:00,0, 22, 4695, 97871
2026-07-15T08:05:16+00:00,1, 0, 3, 97871
2026-07-15T08:05:21+00:00,0, 27, 4695, 97871
2026-07-15T08:05:21+00:00,1, 0, 3, 97871
2026-07-15T08:05:27+00:00,0, 30, 4695, 97871
2026-07-15T08:05:27+00:00,1, 0, 3, 97871
2026-07-15T08:05:32+00:00,0, 30, 4695, 97871
2026-07-15T08:05:32+00:00,1, 0, 3, 97871
2026-07-15T08:05:37+00:00,0, 0, 4695, 97871
2026-07-15T08:05:37+00:00,1, 0, 3, 97871
2026-07-15T08:05:42+00:00,0, 0, 4695, 97871
2026-07-15T08:05:42+00:00,1, 0, 3, 97871
2026-07-15T08:05:47+00:00,0, 0, 4695, 97871
2026-07-15T08:05:47+00:00,1, 0, 3, 97871
2026-07-15T08:05:52+00:00,0, 0, 4695, 97871
2026-07-15T08:05:52+00:00,1, 0, 3, 97871
2026-07-15T08:05:57+00:00,0, 5, 4695, 97871
2026-07-15T08:05:57+00:00,1, 0, 3, 97871
2026-07-15T08:06:02+00:00,0, 33, 4695, 97871
2026-07-15T08:06:02+00:00,1, 0, 3, 97871
2026-07-15T08:06:07+00:00,0, 39, 4695, 97871
2026-07-15T08:06:07+00:00,1, 0, 3, 97871
2026-07-15T08:06:12+00:00,0, 0, 4695, 97871
2026-07-15T08:06:12+00:00,1, 0, 3, 97871
2026-07-15T08:06:17+00:00,0, 0, 4695, 97871
2026-07-15T08:06:17+00:00,1, 0, 3, 97871
2026-07-15T08:06:23+00:00,0, 6, 4695, 97871
2026-07-15T08:06:23+00:00,1, 0, 3, 97871
2026-07-15T08:06:28+00:00,0, 0, 4695, 97871
2026-07-15T08:06:28+00:00,1, 0, 3, 97871
2026-07-15T08:06:33+00:00,0, 0, 4695, 97871
2026-07-15T08:06:33+00:00,1, 0, 3, 97871
2026-07-15T08:06:38+00:00,0, 4, 4695, 97871
2026-07-15T08:06:38+00:00,1, 0, 3, 97871
2026-07-15T08:06:43+00:00,0, 36, 4695, 97871
2026-07-15T08:06:43+00:00,1, 0, 3, 97871
2026-07-15T08:06:48+00:00,0, 0, 4695, 97871
2026-07-15T08:06:48+00:00,1, 0, 3, 97871
2026-07-15T08:06:53+00:00,0, 30, 4695, 97871
2026-07-15T08:06:53+00:00,1, 0, 3, 97871
2026-07-15T08:06:58+00:00,0, 0, 4695, 97871
2026-07-15T08:06:58+00:00,1, 0, 3, 97871
2026-07-15T08:07:03+00:00,0, 3, 4695, 97871
2026-07-15T08:07:03+00:00,1, 0, 3, 97871
2026-07-15T08:07:08+00:00,0, 35, 4695, 97871
2026-07-15T08:07:08+00:00,1, 0, 3, 97871
2026-07-15T08:07:13+00:00,0, 4, 4695, 97871
2026-07-15T08:07:13+00:00,1, 0, 3, 97871
2026-07-15T08:07:18+00:00,0, 6, 4695, 97871
2026-07-15T08:07:18+00:00,1, 0, 3, 97871
2026-07-15T08:07:24+00:00,0, 5, 4695, 97871
2026-07-15T08:07:24+00:00,1, 0, 3, 97871
2026-07-15T08:07:29+00:00,0, 5, 4695, 97871
2026-07-15T08:07:29+00:00,1, 0, 3, 97871
2026-07-15T08:07:34+00:00,0, 0, 4695, 97871
2026-07-15T08:07:34+00:00,1, 0, 3, 97871
2026-07-15T08:07:39+00:00,0, 0, 4695, 97871
2026-07-15T08:07:39+00:00,1, 0, 3, 97871
2026-07-15T08:07:44+00:00,0, 0, 4695, 97871
2026-07-15T08:07:44+00:00,1, 0, 3, 97871
2026-07-15T08:07:49+00:00,0, 0, 4695, 97871
2026-07-15T08:07:49+00:00,1, 0, 3, 97871
2026-07-15T08:07:54+00:00,0, 0, 4695, 97871
2026-07-15T08:07:54+00:00,1, 0, 3, 97871
2026-07-15T08:07:59+00:00,0, 42, 4695, 97871
2026-07-15T08:07:59+00:00,1, 0, 3, 97871
2026-07-15T08:08:04+00:00,0, 0, 4695, 97871
2026-07-15T08:08:04+00:00,1, 0, 3, 97871
2026-07-15T08:08:09+00:00,0, 4, 4695, 97871
2026-07-15T08:08:09+00:00,1, 0, 3, 97871
2026-07-15T08:08:15+00:00,0, 39, 4695, 97871
2026-07-15T08:08:15+00:00,1, 0, 3, 97871
2026-07-15T08:08:20+00:00,0, 0, 4695, 97871
2026-07-15T08:08:20+00:00,1, 0, 3, 97871
2026-07-15T08:08:25+00:00,0, 0, 4695, 97871
2026-07-15T08:08:25+00:00,1, 0, 3, 97871
2026-07-15T08:08:30+00:00,0, 0, 4695, 97871
2026-07-15T08:08:30+00:00,1, 0, 3, 97871
2026-07-15T08:08:35+00:00,0, 6, 4695, 97871
2026-07-15T08:08:35+00:00,1, 0, 3, 97871
2026-07-15T08:08:40+00:00,0, 0, 4695, 97871
2026-07-15T08:08:40+00:00,1, 0, 3, 97871
2026-07-15T08:08:46+00:00,0, 0, 4695, 97871
2026-07-15T08:08:46+00:00,1, 0, 3, 97871
2026-07-15T08:08:51+00:00,0, 22, 4695, 97871
2026-07-15T08:08:51+00:00,1, 0, 3, 97871
2026-07-15T08:08:56+00:00,0, 0, 4695, 97871
2026-07-15T08:08:56+00:00,1, 0, 3, 97871
2026-07-15T08:09:01+00:00,0, 0, 4695, 97871
2026-07-15T08:09:01+00:00,1, 0, 3, 97871
2026-07-15T08:09:06+00:00,0, 0, 4695, 97871
2026-07-15T08:09:06+00:00,1, 0, 3, 97871
2026-07-15T08:09:11+00:00,0, 26, 4695, 97871
2026-07-15T08:09:11+00:00,1, 0, 3, 97871
2026-07-15T08:09:16+00:00,0, 0, 4695, 97871
2026-07-15T08:09:16+00:00,1, 0, 3, 97871
2026-07-15T08:09:21+00:00,0, 0, 4695, 97871
2026-07-15T08:09:21+00:00,1, 0, 3, 97871
2026-07-15T08:09:26+00:00,0, 0, 4695, 97871
2026-07-15T08:09:26+00:00,1, 0, 3, 97871
2026-07-15T08:09:31+00:00,0, 0, 4695, 97871
2026-07-15T08:09:31+00:00,1, 0, 3, 97871
2026-07-15T08:09:36+00:00,0, 0, 4695, 97871
2026-07-15T08:09:36+00:00,1, 0, 3, 97871
2026-07-15T08:09:42+00:00,0, 0, 4695, 97871
2026-07-15T08:09:42+00:00,1, 0, 3, 97871
2026-07-15T08:09:47+00:00,0, 0, 4695, 97871
2026-07-15T08:09:47+00:00,1, 0, 3, 97871
2026-07-15T08:09:52+00:00,0, 15, 4695, 97871
2026-07-15T08:09:52+00:00,1, 0, 3, 97871
2026-07-15T08:09:57+00:00,0, 0, 4695, 97871
2026-07-15T08:09:57+00:00,1, 0, 3, 97871
2026-07-15T08:10:02+00:00,0, 0, 4695, 97871
2026-07-15T08:10:02+00:00,1, 0, 3, 97871
2026-07-15T08:10:07+00:00,0, 0, 4695, 97871
2026-07-15T08:10:07+00:00,1, 0, 3, 97871
2026-07-15T08:10:12+00:00,0, 37, 4695, 97871
2026-07-15T08:10:12+00:00,1, 0, 3, 97871
2026-07-15T08:10:17+00:00,0, 0, 4695, 97871
2026-07-15T08:10:17+00:00,1, 0, 3, 97871
2026-07-15T08:10:22+00:00,0, 2, 4695, 97871
2026-07-15T08:10:22+00:00,1, 0, 3, 97871
2026-07-15T08:10:28+00:00,0, 24, 4695, 97871
2026-07-15T08:10:28+00:00,1, 0, 3, 97871
2026-07-15T08:10:33+00:00,0, 0, 4695, 97871
2026-07-15T08:10:33+00:00,1, 0, 3, 97871
2026-07-15T08:10:38+00:00,0, 0, 4695, 97871
2026-07-15T08:10:38+00:00,1, 0, 3, 97871
2026-07-15T08:10:43+00:00,0, 4, 4695, 97871
2026-07-15T08:10:43+00:00,1, 0, 3, 97871
2026-07-15T08:10:48+00:00,0, 0, 4695, 97871
2026-07-15T08:10:48+00:00,1, 0, 3, 97871
2026-07-15T08:10:53+00:00,0, 7, 4695, 97871
2026-07-15T08:10:53+00:00,1, 0, 3, 97871
2026-07-15T08:10:58+00:00,0, 0, 4695, 97871
2026-07-15T08:10:58+00:00,1, 0, 3, 97871
2026-07-15T08:11:03+00:00,0, 0, 4695, 97871
2026-07-15T08:11:03+00:00,1, 0, 3, 97871
2026-07-15T08:11:08+00:00,0, 0, 4695, 97871
2026-07-15T08:11:08+00:00,1, 0, 3, 97871
2026-07-15T08:11:13+00:00,0, 6, 4695, 97871
2026-07-15T08:11:13+00:00,1, 0, 3, 97871
2026-07-15T08:11:18+00:00,0, 9, 4695, 97871
2026-07-15T08:11:18+00:00,1, 0, 3, 97871
2026-07-15T08:11:24+00:00,0, 0, 4695, 97871
2026-07-15T08:11:24+00:00,1, 0, 3, 97871
2026-07-15T08:11:29+00:00,0, 4, 4695, 97871
2026-07-15T08:11:29+00:00,1, 0, 3, 97871
2026-07-15T08:11:34+00:00,0, 0, 4695, 97871
2026-07-15T08:11:34+00:00,1, 0, 3, 97871
2026-07-15T08:11:39+00:00,0, 11, 4695, 97871
2026-07-15T08:11:39+00:00,1, 0, 3, 97871
2026-07-15T08:11:44+00:00,0, 44, 4695, 97871
2026-07-15T08:11:44+00:00,1, 0, 3, 97871
2026-07-15T08:11:49+00:00,0, 0, 4695, 97871
2026-07-15T08:11:49+00:00,1, 0, 3, 97871
2026-07-15T08:11:54+00:00,0, 6, 4695, 97871
2026-07-15T08:11:54+00:00,1, 0, 3, 97871
2026-07-15T08:11:59+00:00,0, 5, 4695, 97871
2026-07-15T08:11:59+00:00,1, 0, 3, 97871
2026-07-15T08:12:04+00:00,0, 8, 4695, 97871
2026-07-15T08:12:04+00:00,1, 0, 3, 97871
2026-07-15T08:12:09+00:00,0, 0, 4695, 97871
2026-07-15T08:12:09+00:00,1, 0, 3, 97871
2026-07-15T08:12:15+00:00,0, 17, 4695, 97871
2026-07-15T08:12:15+00:00,1, 0, 3, 97871
2026-07-15T08:12:20+00:00,0, 0, 4695, 97871
2026-07-15T08:12:20+00:00,1, 0, 3, 97871
2026-07-15T08:12:25+00:00,0, 0, 4695, 97871
2026-07-15T08:12:25+00:00,1, 0, 3, 97871
2026-07-15T08:12:30+00:00,0, 31, 4695, 97871
2026-07-15T08:12:30+00:00,1, 0, 3, 97871
2026-07-15T08:12:35+00:00,0, 32, 4695, 97871
2026-07-15T08:12:35+00:00,1, 0, 3, 97871
2026-07-15T08:12:40+00:00,0, 26, 4695, 97871
2026-07-15T08:12:40+00:00,1, 0, 3, 97871
2026-07-15T08:12:45+00:00,0, 0, 4695, 97871
2026-07-15T08:12:45+00:00,1, 0, 3, 97871
2026-07-15T08:12:50+00:00,0, 40, 4695, 97871
2026-07-15T08:12:50+00:00,1, 0, 3, 97871
2026-07-15T08:12:56+00:00,0, 44, 4695, 97871
2026-07-15T08:12:56+00:00,1, 0, 3, 97871
2026-07-15T08:13:01+00:00,0, 11, 4695, 97871
2026-07-15T08:13:01+00:00,1, 0, 3, 97871
2026-07-15T08:13:06+00:00,0, 8, 4695, 97871
2026-07-15T08:13:06+00:00,1, 0, 3, 97871
2026-07-15T08:13:11+00:00,0, 0, 4695, 97871
2026-07-15T08:13:11+00:00,1, 0, 3, 97871
2026-07-15T08:13:16+00:00,0, 13, 4695, 97871
2026-07-15T08:13:16+00:00,1, 0, 3, 97871
2026-07-15T08:13:21+00:00,0, 3, 4695, 97871
2026-07-15T08:13:21+00:00,1, 0, 3, 97871
2026-07-15T08:13:26+00:00,0, 0, 4695, 97871
2026-07-15T08:13:26+00:00,1, 0, 3, 97871
2026-07-15T08:13:31+00:00,0, 0, 4695, 97871
2026-07-15T08:13:31+00:00,1, 0, 3, 97871
2026-07-15T08:13:37+00:00,0, 0, 4695, 97871
2026-07-15T08:13:37+00:00,1, 0, 3, 97871
2026-07-15T08:13:42+00:00,0, 20, 4695, 97871
2026-07-15T08:13:42+00:00,1, 0, 3, 97871
2026-07-15T08:13:47+00:00,0, 7, 4695, 97871
2026-07-15T08:13:47+00:00,1, 0, 3, 97871
2026-07-15T08:13:52+00:00,0, 0, 4695, 97871
2026-07-15T08:13:52+00:00,1, 0, 3, 97871
2026-07-15T08:13:57+00:00,0, 0, 4695, 97871
2026-07-15T08:13:57+00:00,1, 0, 3, 97871
2026-07-15T08:14:02+00:00,0, 0, 4695, 97871
2026-07-15T08:14:02+00:00,1, 0, 3, 97871
2026-07-15T08:14:07+00:00,0, 0, 4695, 97871
2026-07-15T08:14:07+00:00,1, 0, 3, 97871
2026-07-15T08:14:12+00:00,0, 0, 4695, 97871
2026-07-15T08:14:12+00:00,1, 0, 3, 97871
2026-07-15T08:14:17+00:00,0, 29, 4695, 97871
2026-07-15T08:14:17+00:00,1, 0, 3, 97871
2026-07-15T08:14:23+00:00,0, 37, 4695, 97871
2026-07-15T08:14:23+00:00,1, 0, 3, 97871
2026-07-15T08:14:28+00:00,0, 12, 4695, 97871
2026-07-15T08:14:28+00:00,1, 0, 3, 97871
2026-07-15T08:14:33+00:00,0, 42, 4695, 97871
2026-07-15T08:14:33+00:00,1, 0, 3, 97871
2026-07-15T08:14:38+00:00,0, 0, 4695, 97871
2026-07-15T08:14:38+00:00,1, 0, 3, 97871
2026-07-15T08:14:43+00:00,0, 0, 4695, 97871
2026-07-15T08:14:43+00:00,1, 0, 3, 97871
2026-07-15T08:14:48+00:00,0, 0, 4695, 97871
2026-07-15T08:14:48+00:00,1, 0, 3, 97871
2026-07-15T08:14:53+00:00,0, 0, 4695, 97871
2026-07-15T08:14:53+00:00,1, 0, 3, 97871
2026-07-15T08:14:58+00:00,0, 0, 4695, 97871
2026-07-15T08:14:58+00:00,1, 0, 3, 97871
2026-07-15T08:15:03+00:00,0, 0, 4695, 97871
2026-07-15T08:15:03+00:00,1, 0, 3, 97871
2026-07-15T08:15:08+00:00,0, 0, 4695, 97871
2026-07-15T08:15:08+00:00,1, 0, 3, 97871
2026-07-15T08:15:14+00:00,0, 33, 4695, 97871
2026-07-15T08:15:14+00:00,1, 0, 3, 97871
2026-07-15T08:15:19+00:00,0, 20, 4695, 97871
2026-07-15T08:15:19+00:00,1, 0, 3, 97871
2026-07-15T08:15:24+00:00,0, 0, 4695, 97871
2026-07-15T08:15:24+00:00,1, 0, 3, 97871
2026-07-15T08:15:29+00:00,0, 0, 4695, 97871
2026-07-15T08:15:29+00:00,1, 0, 3, 97871
2026-07-15T08:15:34+00:00,0, 43, 4695, 97871
2026-07-15T08:15:34+00:00,1, 0, 3, 97871
2026-07-15T08:15:39+00:00,0, 0, 4695, 97871
2026-07-15T08:15:39+00:00,1, 0, 3, 97871
2026-07-15T08:15:44+00:00,0, 0, 4695, 97871
2026-07-15T08:15:44+00:00,1, 0, 3, 97871
2026-07-15T08:15:49+00:00,0, 0, 4695, 97871
2026-07-15T08:15:49+00:00,1, 0, 3, 97871
2026-07-15T08:15:54+00:00,0, 4, 4695, 97871
2026-07-15T08:15:54+00:00,1, 0, 3, 97871
2026-07-15T08:15:59+00:00,0, 17, 4695, 97871
2026-07-15T08:15:59+00:00,1, 0, 3, 97871
2026-07-15T08:16:05+00:00,0, 0, 4695, 97871
2026-07-15T08:16:05+00:00,1, 0, 3, 97871
2026-07-15T08:16:10+00:00,0, 0, 4695, 97871
2026-07-15T08:16:10+00:00,1, 0, 3, 97871
2026-07-15T08:16:15+00:00,0, 0, 4695, 97871
2026-07-15T08:16:15+00:00,1, 0, 3, 97871
2026-07-15T08:16:20+00:00,0, 3, 4695, 97871
2026-07-15T08:16:20+00:00,1, 0, 3, 97871
2026-07-15T08:16:25+00:00,0, 20, 4695, 97871
2026-07-15T08:16:25+00:00,1, 0, 3, 97871
2026-07-15T08:16:30+00:00,0, 16, 4695, 97871
2026-07-15T08:16:30+00:00,1, 0, 3, 97871
2026-07-15T08:16:35+00:00,0, 0, 4695, 97871
2026-07-15T08:16:35+00:00,1, 0, 3, 97871
2026-07-15T08:16:41+00:00,0, 0, 4695, 97871
2026-07-15T08:16:41+00:00,1, 0, 3, 97871
2026-07-15T08:16:46+00:00,0, 0, 4695, 97871
2026-07-15T08:16:46+00:00,1, 0, 3, 97871
2026-07-15T08:16:51+00:00,0, 0, 4695, 97871
2026-07-15T08:16:51+00:00,1, 0, 3, 97871
2026-07-15T08:16:56+00:00,0, 0, 4695, 97871
2026-07-15T08:16:56+00:00,1, 0, 3, 97871
2026-07-15T08:17:01+00:00,0, 0, 4695, 97871
2026-07-15T08:17:01+00:00,1, 0, 3, 97871
2026-07-15T08:17:06+00:00,0, 29, 4695, 97871
2026-07-15T08:17:06+00:00,1, 0, 3, 97871
2026-07-15T08:17:11+00:00,0, 40, 4695, 97871
2026-07-15T08:17:11+00:00,1, 0, 3, 97871
2026-07-15T08:17:16+00:00,0, 0, 4697, 97871
2026-07-15T08:17:16+00:00,1, 0, 3, 97871
2026-07-15T08:17:21+00:00,0, 0, 4697, 97871
2026-07-15T08:17:21+00:00,1, 0, 3, 97871
2026-07-15T08:17:27+00:00,0, 0, 4697, 97871
2026-07-15T08:17:27+00:00,1, 0, 3, 97871
2026-07-15T08:17:32+00:00,0, 0, 4697, 97871
2026-07-15T08:17:32+00:00,1, 0, 3, 97871
2026-07-15T08:17:37+00:00,0, 0, 4697, 97871
2026-07-15T08:17:37+00:00,1, 0, 3, 97871
2026-07-15T08:17:42+00:00,0, 0, 4697, 97871
2026-07-15T08:17:42+00:00,1, 0, 3, 97871
2026-07-15T08:17:47+00:00,0, 29, 4697, 97871
2026-07-15T08:17:47+00:00,1, 0, 3, 97871
2026-07-15T08:17:52+00:00,0, 44, 4697, 97871
2026-07-15T08:17:52+00:00,1, 0, 3, 97871
2026-07-15T08:17:57+00:00,0, 43, 4697, 97871
2026-07-15T08:17:57+00:00,1, 0, 3, 97871
2026-07-15T08:18:02+00:00,0, 0, 4697, 97871
2026-07-15T08:18:02+00:00,1, 0, 3, 97871
2026-07-15T08:18:07+00:00,0, 0, 4697, 97871
2026-07-15T08:18:07+00:00,1, 0, 3, 97871
2026-07-15T08:18:13+00:00,0, 42, 4697, 97871
2026-07-15T08:18:13+00:00,1, 0, 3, 97871
2026-07-15T08:18:18+00:00,0, 40, 4697, 97871
2026-07-15T08:18:18+00:00,1, 0, 3, 97871
2026-07-15T08:18:23+00:00,0, 17, 4697, 97871
2026-07-15T08:18:23+00:00,1, 0, 3, 97871
2026-07-15T08:18:28+00:00,0, 0, 4697, 97871
2026-07-15T08:18:28+00:00,1, 0, 3, 97871
2026-07-15T08:18:33+00:00,0, 16, 4697, 97871
2026-07-15T08:18:33+00:00,1, 0, 3, 97871
2026-07-15T08:18:38+00:00,0, 19, 4697, 97871
2026-07-15T08:18:38+00:00,1, 0, 3, 97871
2026-07-15T08:18:43+00:00,0, 0, 4697, 97871
2026-07-15T08:18:43+00:00,1, 0, 3, 97871
2026-07-15T08:18:48+00:00,0, 8, 4697, 97871
2026-07-15T08:18:48+00:00,1, 0, 3, 97871
2026-07-15T08:18:53+00:00,0, 0, 4697, 97871
2026-07-15T08:18:53+00:00,1, 0, 3, 97871
2026-07-15T08:18:58+00:00,0, 0, 4697, 97871
2026-07-15T08:18:58+00:00,1, 0, 3, 97871
2026-07-15T08:19:03+00:00,0, 44, 4697, 97871
2026-07-15T08:19:03+00:00,1, 0, 3, 97871
2026-07-15T08:19:09+00:00,0, 44, 4697, 97871
2026-07-15T08:19:09+00:00,1, 0, 3, 97871
2026-07-15T08:19:14+00:00,0, 10, 4697, 97871
2026-07-15T08:19:14+00:00,1, 0, 3, 97871
2026-07-15T08:19:19+00:00,0, 32, 4697, 97871
2026-07-15T08:19:19+00:00,1, 0, 3, 97871
2026-07-15T08:19:24+00:00,0, 0, 4697, 97871
2026-07-15T08:19:24+00:00,1, 0, 3, 97871
2026-07-15T08:19:29+00:00,0, 0, 4697, 97871
2026-07-15T08:19:29+00:00,1, 0, 3, 97871
2026-07-15T08:19:34+00:00,0, 0, 4697, 97871
2026-07-15T08:19:34+00:00,1, 0, 3, 97871
2026-07-15T08:19:39+00:00,0, 0, 4697, 97871
2026-07-15T08:19:39+00:00,1, 0, 3, 97871
2026-07-15T08:19:44+00:00,0, 2, 4697, 97871
2026-07-15T08:19:44+00:00,1, 0, 3, 97871
2026-07-15T08:19:49+00:00,0, 0, 4697, 97871
2026-07-15T08:19:49+00:00,1, 0, 3, 97871
2026-07-15T08:19:55+00:00,0, 0, 4697, 97871
2026-07-15T08:19:55+00:00,1, 0, 3, 97871
2026-07-15T08:20:00+00:00,0, 6, 4697, 97871
2026-07-15T08:20:00+00:00,1, 0, 3, 97871
2026-07-15T08:20:05+00:00,0, 0, 4697, 97871
2026-07-15T08:20:05+00:00,1, 0, 3, 97871
2026-07-15T08:20:10+00:00,0, 0, 4697, 97871
2026-07-15T08:20:10+00:00,1, 0, 3, 97871
2026-07-15T08:20:16+00:00,0, 0, 4697, 97871
2026-07-15T08:20:16+00:00,1, 0, 3, 97871
2026-07-15T08:20:21+00:00,0, 0, 4697, 97871
2026-07-15T08:20:21+00:00,1, 0, 3, 97871
2026-07-15T08:20:26+00:00,0, 0, 4697, 97871
2026-07-15T08:20:26+00:00,1, 0, 3, 97871
2026-07-15T08:20:31+00:00,0, 0, 4697, 97871
2026-07-15T08:20:31+00:00,1, 0, 3, 97871
2026-07-15T08:20:36+00:00,0, 0, 4697, 97871
2026-07-15T08:20:36+00:00,1, 0, 3, 97871
2026-07-15T08:20:41+00:00,0, 13, 4697, 97871
2026-07-15T08:20:41+00:00,1, 0, 3, 97871
2026-07-15T08:20:46+00:00,0, 0, 4697, 97871
2026-07-15T08:20:46+00:00,1, 0, 3, 97871
2026-07-15T08:20:52+00:00,0, 0, 4697, 97871
2026-07-15T08:20:52+00:00,1, 0, 3, 97871
2026-07-15T08:20:57+00:00,0, 4, 4697, 97871
2026-07-15T08:20:57+00:00,1, 0, 3, 97871
2026-07-15T08:21:02+00:00,0, 8, 4697, 97871
2026-07-15T08:21:02+00:00,1, 0, 3, 97871
2026-07-15T08:21:07+00:00,0, 35, 4697, 97871
2026-07-15T08:21:07+00:00,1, 0, 3, 97871
2026-07-15T08:21:12+00:00,0, 0, 4697, 97871
2026-07-15T08:21:12+00:00,1, 0, 3, 97871
2026-07-15T08:21:17+00:00,0, 0, 4697, 97871
2026-07-15T08:21:17+00:00,1, 0, 3, 97871
2026-07-15T08:21:22+00:00,0, 0, 4697, 97871
2026-07-15T08:21:22+00:00,1, 0, 3, 97871
2026-07-15T08:21:27+00:00,0, 17, 4697, 97871
2026-07-15T08:21:27+00:00,1, 0, 3, 97871
2026-07-15T08:21:32+00:00,0, 40, 4697, 97871
2026-07-15T08:21:32+00:00,1, 0, 3, 97871
2026-07-15T08:21:38+00:00,0, 0, 4697, 97871
2026-07-15T08:21:38+00:00,1, 0, 3, 97871
2026-07-15T08:21:43+00:00,0, 0, 4697, 97871
2026-07-15T08:21:43+00:00,1, 0, 3, 97871
2026-07-15T08:21:48+00:00,0, 30, 4697, 97871
2026-07-15T08:21:48+00:00,1, 0, 3, 97871
2026-07-15T08:21:53+00:00,0, 0, 4697, 97871
2026-07-15T08:21:53+00:00,1, 0, 3, 97871
2026-07-15T08:21:58+00:00,0, 0, 4697, 97871
2026-07-15T08:21:58+00:00,1, 0, 3, 97871
2026-07-15T08:22:03+00:00,0, 3, 4697, 97871
2026-07-15T08:22:03+00:00,1, 0, 3, 97871
2026-07-15T08:22:08+00:00,0, 26, 4697, 97871
2026-07-15T08:22:08+00:00,1, 0, 3, 97871
2026-07-15T08:22:13+00:00,0, 0, 4697, 97871
2026-07-15T08:22:13+00:00,1, 0, 3, 97871
2026-07-15T08:22:18+00:00,0, 0, 4697, 97871
2026-07-15T08:22:18+00:00,1, 0, 3, 97871
2026-07-15T08:22:23+00:00,0, 0, 4697, 97871
2026-07-15T08:22:23+00:00,1, 0, 3, 97871
2026-07-15T08:22:29+00:00,0, 5, 4697, 97871
2026-07-15T08:22:29+00:00,1, 0, 3, 97871
2026-07-15T08:22:34+00:00,0, 10, 4697, 97871
2026-07-15T08:22:34+00:00,1, 0, 3, 97871
2026-07-15T08:22:39+00:00,0, 36, 4697, 97871
2026-07-15T08:22:39+00:00,1, 0, 3, 97871
2026-07-15T08:22:44+00:00,0, 0, 4697, 97871
2026-07-15T08:22:44+00:00,1, 0, 3, 97871
2026-07-15T08:22:49+00:00,0, 0, 6229, 97871
2026-07-15T08:22:49+00:00,1, 0, 3, 97871
2026-07-15T08:22:54+00:00,0, 0, 6229, 97871
2026-07-15T08:22:54+00:00,1, 0, 3, 97871
2026-07-15T08:22:59+00:00,0, 0, 6229, 97871
2026-07-15T08:22:59+00:00,1, 0, 3, 97871
2026-07-15T08:23:04+00:00,0, 0, 6229, 97871
2026-07-15T08:23:04+00:00,1, 0, 3, 97871
2026-07-15T08:23:09+00:00,0, 0, 6229, 97871
2026-07-15T08:23:09+00:00,1, 0, 3, 97871
2026-07-15T08:23:15+00:00,0, 37, 6229, 97871
2026-07-15T08:23:15+00:00,1, 0, 3, 97871
2026-07-15T08:23:20+00:00,0, 0, 6229, 97871
2026-07-15T08:23:20+00:00,1, 0, 3, 97871
2026-07-15T08:23:25+00:00,0, 0, 6229, 97871
2026-07-15T08:23:25+00:00,1, 0, 3, 97871
2026-07-15T08:23:30+00:00,0, 0, 6229, 97871
2026-07-15T08:23:30+00:00,1, 0, 3, 97871
2026-07-15T08:23:35+00:00,0, 0, 6229, 97871
2026-07-15T08:23:35+00:00,1, 0, 3, 97871
2026-07-15T08:23:40+00:00,0, 0, 6229, 97871
2026-07-15T08:23:40+00:00,1, 0, 3, 97871
2026-07-15T08:23:45+00:00,0, 0, 6229, 97871
2026-07-15T08:23:45+00:00,1, 0, 3, 97871
2026-07-15T08:23:50+00:00,0, 0, 6229, 97871
2026-07-15T08:23:50+00:00,1, 0, 3, 97871
2026-07-15T08:23:55+00:00,0, 0, 6229, 97871
2026-07-15T08:23:55+00:00,1, 0, 3, 97871
2026-07-15T08:24:01+00:00,0, 0, 6229, 97871
2026-07-15T08:24:01+00:00,1, 0, 3, 97871
2026-07-15T08:24:06+00:00,0, 0, 6229, 97871
2026-07-15T08:24:06+00:00,1, 0, 3, 97871
2026-07-15T08:24:11+00:00,0, 0, 6229, 97871
2026-07-15T08:24:11+00:00,1, 0, 3, 97871
2026-07-15T08:24:16+00:00,0, 0, 6229, 97871
2026-07-15T08:24:16+00:00,1, 0, 3, 97871
2026-07-15T08:24:21+00:00,0, 0, 6229, 97871
2026-07-15T08:24:21+00:00,1, 0, 3, 97871
2026-07-15T08:24:26+00:00,0, 0, 6229, 97871
2026-07-15T08:24:26+00:00,1, 0, 3, 97871
2026-07-15T08:24:31+00:00,0, 0, 6229, 97871
2026-07-15T08:24:31+00:00,1, 0, 3, 97871
2026-07-15T08:24:36+00:00,0, 47, 6229, 97871
2026-07-15T08:24:36+00:00,1, 0, 3, 97871
2026-07-15T08:24:41+00:00,0, 51, 6229, 97871
2026-07-15T08:24:41+00:00,1, 0, 3, 97871
2026-07-15T08:24:47+00:00,0, 46, 6229, 97871
2026-07-15T08:24:47+00:00,1, 0, 3, 97871
2026-07-15T08:24:52+00:00,0, 0, 6229, 97871
2026-07-15T08:24:52+00:00,1, 0, 3, 97871
2026-07-15T08:24:57+00:00,0, 0, 6229, 97871
2026-07-15T08:24:57+00:00,1, 0, 3, 97871
2026-07-15T08:25:02+00:00,0, 36, 6229, 97871
2026-07-15T08:25:02+00:00,1, 0, 3, 97871
2026-07-15T08:25:07+00:00,0, 21, 6229, 97871
2026-07-15T08:25:07+00:00,1, 0, 3, 97871
2026-07-15T08:25:12+00:00,0, 0, 6229, 97871
2026-07-15T08:25:12+00:00,1, 0, 3, 97871
2026-07-15T08:25:17+00:00,0, 4, 6229, 97871
2026-07-15T08:25:17+00:00,1, 0, 3, 97871
2026-07-15T08:25:22+00:00,0, 0, 6229, 97871
2026-07-15T08:25:22+00:00,1, 0, 3, 97871
2026-07-15T08:25:27+00:00,0, 0, 6229, 97871
2026-07-15T08:25:27+00:00,1, 0, 3, 97871
2026-07-15T08:25:32+00:00,0, 0, 6229, 97871
2026-07-15T08:25:32+00:00,1, 0, 3, 97871
2026-07-15T08:25:37+00:00,0, 12, 6229, 97871
2026-07-15T08:25:37+00:00,1, 0, 3, 97871
2026-07-15T08:25:43+00:00,0, 0, 6229, 97871
2026-07-15T08:25:43+00:00,1, 0, 3, 97871
2026-07-15T08:25:48+00:00,0, 12, 6229, 97871
2026-07-15T08:25:48+00:00,1, 0, 3, 97871
2026-07-15T08:25:53+00:00,0, 44, 6229, 97871
2026-07-15T08:25:53+00:00,1, 0, 3, 97871
2026-07-15T08:25:58+00:00,0, 47, 6229, 97871
2026-07-15T08:25:58+00:00,1, 0, 3, 97871
2026-07-15T08:26:03+00:00,0, 0, 6229, 97871
2026-07-15T08:26:03+00:00,1, 0, 3, 97871
2026-07-15T08:26:08+00:00,0, 34, 6229, 97871
2026-07-15T08:26:08+00:00,1, 0, 3, 97871
2026-07-15T08:26:13+00:00,0, 0, 6229, 97871
2026-07-15T08:26:13+00:00,1, 0, 3, 97871
2026-07-15T08:26:18+00:00,0, 0, 6229, 97871
2026-07-15T08:26:18+00:00,1, 0, 3, 97871
2026-07-15T08:26:23+00:00,0, 0, 6229, 97871
2026-07-15T08:26:23+00:00,1, 0, 3, 97871
2026-07-15T08:26:28+00:00,0, 0, 6229, 97871
2026-07-15T08:26:28+00:00,1, 0, 3, 97871
2026-07-15T08:26:33+00:00,0, 13, 6229, 97871
2026-07-15T08:26:33+00:00,1, 0, 3, 97871
2026-07-15T08:26:38+00:00,0, 0, 6229, 97871
2026-07-15T08:26:38+00:00,1, 0, 3, 97871
2026-07-15T08:26:44+00:00,0, 0, 6229, 97871
2026-07-15T08:26:44+00:00,1, 0, 3, 97871
