epoch,train_loss,val_task_loss,kd_rank_loss,val_kd_rank_block_loss,kd_dist_loss,val_kd_dist_block_loss,train_total,val_total,val_gs_bfs,val_rd_bfs,val_degree_mmd_ratio,val_clustering_mmd_ratio,val_spectral_mmd_ratio
1,0.7045856970210013,0.630471239767413,0.35349063526032526,0.22472619300242513,0.7129774238908135,0.2988741914741695,1.4529121844378472,0.951818050541825,0.316149801588854,1.0877294094840184,19.29402516901587,4.171916728435259,13.732064690431985
2,0.6119745254348464,0.5264175107870894,0.26236884431363217,0.31526755914092064,0.5272100593176089,0.319312127539888,1.1654214691838185,0.8772563942410695,0.37863618443136493,1.18445318012223,16.181792052801082,3.0738313693704478,12.973658988236126
3,0.551679755284493,0.5057905074217344,0.23984315365124978,0.27081141038797796,0.43708630061291,0.2912607020698488,1.0127503712625279,0.8241323505303809,0.47021310509568076,1.0240918781997435,17.330600203492253,3.812650600176223,14.657163755340942
4,0.5089739010541788,0.4540507966096211,0.22177292287588124,0.2761158349458128,0.3937693168701923,0.29181312466971576,0.9249205102119593,0.7734755047739181,0.49323256464848275,1.019301487565216,16.021533032343847,2.8675059657478967,14.10435863085328
5,0.48331967843942175,0.4508792162361295,0.2070076518154739,0.2439901994075626,0.3629051935088001,0.2768718092702329,0.8669256371297692,0.7521500454471186,0.5178649996614454,1.0560415994126766,14.941900147829422,2.636681189447279,13.174636991463059
6,0.4773305080047731,0.4362193490632409,0.1932552265075979,0.2624045582488179,0.33920199042394805,0.29572547343559563,0.835858021079481,0.7581852783237183,0.5185043301023743,1.0735787678158384,14.96359142334528,2.8422432065157417,12.548703837788855
7,0.4484843966021626,0.4309568855790047,0.1842853886309672,0.23250449215993285,0.3150887770366414,0.26658533443696797,0.7820017125019008,0.7207926692319659,0.5259464206416818,1.020326012066428,20.343957288962155,4.062366818260149,14.887088936838916
8,0.43225448490272395,0.43031446556943675,0.17366331178331385,0.24712387495674193,0.29322610504685964,0.28011290286667645,0.742846921127915,0.7351397559317874,0.5071434042776952,1.119971221045233,14.6153218802285,2.42838551164365,10.570469613175181
9,0.4167703001018166,0.43973065030523234,0.16669271665143193,0.2428927628789097,0.27662962255526774,0.28943222761154175,0.7100691943222275,0.753452154204665,0.535498145528672,1.0108579495364969,17.28609355376485,3.069589778856922,12.894954016784203
10,0.432605183465089,0.48081231476447484,0.16019675005073575,0.2246915817959234,0.2756973311417712,0.28808859176933765,0.7243221896119338,0.7913700647134048,0.5412393619897196,1.0017280903739598,16.972338344390717,3.286935800851585,13.259423635334086
11,0.4153302451134191,0.43163150691173013,0.15920219114179687,0.23608732456341386,0.26239995304086383,0.28178987465798855,0.6936504172684625,0.73703011402606,0.5355758512435839,1.004990236846128,15.552955918029292,2.797437944746702,12.063155920910829
12,0.4111093751333852,0.4343319042118493,0.15448963937144333,0.25687635294161737,0.254402545703574,0.3051494616083801,0.6809608847741035,0.7651690011143911,0.5443080470373839,1.0172807854413761,18.031068148539543,3.2945491271940766,12.98430156568905
13,0.3836284331907942,0.4242109776487704,0.15218486017947758,0.24331272789277136,0.24407179655470643,0.2869651324581355,0.6429187157634484,0.7355073828961831,0.5221876860794026,1.0604043072136191,14.29830756695284,2.6099797514408714,10.374113458071017
14,0.37392316537987014,0.4259133619991495,0.1468069097830184,0.24024010228458792,0.23012012602698637,0.28743076347745955,0.6187239823851584,0.7373681357050679,0.5273997338384371,1.0265375270026034,14.582298400778967,2.657808478357176,10.766928334313688
15,0.36205162461980145,0.4310618134747979,0.14557887142162224,0.24486702412832528,0.222453480139752,0.2992341206409037,0.5990629919017156,0.7547826365285342,0.5149854239741068,1.0968051411166648,14.921347256322354,2.5844872851309546,10.332133316511914
16,0.3565634556860438,0.44055659769374445,0.14083480039401416,0.24809092737268656,0.2182536819446842,0.30212631495669484,0.5889006176701295,0.7674920053877079,0.5303309466135759,1.0299846036123346,14.867458061088566,2.5015549930790546,10.800961022909041
17,0.34879489691023213,0.45188000306088744,0.13619623502791403,0.24763706733938307,0.21005994679659137,0.30988679965958,0.5724744672096149,0.7865305094544057,0.5288012910496063,1.067763510222379,13.64490225872669,2.6235080671891233,9.886633986532763
18,0.3385037086107637,0.4370450004857403,0.13466646822225886,0.2512787883169949,0.2008672037732257,0.30401628371328115,0.5528375592062152,0.7661891630307209,0.5052969699218043,1.0225663942900034,13.811522551139529,2.9267177328771816,10.222481082852681
19,0.3318908496359149,0.4316890606500433,0.13415985412883794,0.24612286197952926,0.1996254018884333,0.302235598443076,0.544932236937232,0.7585369452910722,0.5180245293862579,1.0799344317922832,14.156120160168625,2.71052623683567,10.035266637161298
20,0.3256772449276481,0.4354825663457647,0.13215244232248333,0.2483974484493956,0.19239114644986766,0.3083517565391958,0.5312836356097641,0.7686740677299,0.5223253473420029,1.0700808094411798,15.070689386213658,2.5367968039901663,10.573069652913784
21,0.3210901908569425,0.44133093671121393,0.12718511167982152,0.2525794032262638,0.18604738065492415,0.31586192222312093,0.5198560826798488,0.7824507992569613,0.5209377786341169,1.0843031502221352,14.211761427083632,2.547481889415529,10.13656233649446
22,0.3172369926519117,0.4441457001087375,0.125385458598226,0.25128397694788873,0.18619575722920387,0.31840087100863457,0.5159712957409381,0.7876749688121609,0.5263330747912589,1.0489615371155323,13.95422524911385,2.4981700844420796,10.086991188351842
23,0.31510003285661303,0.44164416996537315,0.1267602925641634,0.2509203338995576,0.18073484234639506,0.3151073942426592,0.5085109044594245,0.781843597597988,0.5245968235153281,1.0597224734984296,14.122290211460374,2.5032106064363298,10.20035054967323
24,0.3141157642494748,0.4370919369883389,0.12818087394461017,0.249235293478705,0.18329321748228575,0.31040306854993105,0.5102270691262216,0.7724185348861405,0.5216722674588063,1.053195764373334,13.94812907260628,2.545117276407604,10.093108887149132
25,0.31312172230960245,0.4373198639048787,0.1236584793101227,0.249326222226955,0.18418865805454465,0.3106856185477227,0.5096762282951594,0.7729381046752969,0.5207121697254196,1.045153702447398,14.041216646010358,2.5321903426374375,10.141814849459418
